,filename,width,height
0,image_from_china(4464).jpg,912,1221
1,image_from_china(4171).jpg,960,720
2,image_from_china(1723).jpg,911,1216
3,image_from_china(849).jpg,1216,911
4,image_from_china(263).jpg,911,1216
5,image_from_china(4258).jpg,912,1221
6,image_from_china(2699).jpg,1216,912
7,image_from_china(234).jpg,911,1216
8,image_from_china(664).jpg,911,1216
9,image_from_china(371).jpg,911,1216
10,image_from_china(721).jpg,1216,911
11,image_from_china(4425).jpg,1221,912
12,image_from_china(1298).jpg,911,1216
13,image_from_china(672).jpg,911,1216
14,image_from_china(222).jpg,911,1216
15,image_from_china(2772).jpg,1216,912
16,image_from_china(1365).jpg,911,1216
17,image_from_china(275).jpg,911,1216
18,image_from_china(1109).jpg,911,1216
19,image_from_china(2375).jpg,1216,912
20,image_from_china(577).jpg,911,1216
21,image_from_china(2861).jpg,1216,912
22,image_from_china(432).jpg,1216,911
23,image_from_china(3266).jpg,912,1216
24,image_from_china(4239)(1).jpg,1221,912
25,image_from_china(3909).jpg,912,1216
26,image_from_china(4235).jpg,912,1221
27,image_from_china(873).jpg,911,1216
28,image_from_china(2135).jpg,1216,912
29,image_from_china(2070).jpg,911,1216
30,image_from_china(1).jpg,1221,912
31,image_from_china(2359).jpg,1216,912
32,image_from_china(1826).jpg,1216,912
33,image_from_china(1430).jpg,1617,912
34,image_from_china(2123).jpg,1216,911
35,image_from_china(536).jpg,911,1216
36,image_from_china(189).jpg,1216,911
37,image_from_china(13).jpg,1221,912
38,image_from_china(1133).jpg,1216,911
39,image_from_china(3948).jpg,912,1216
40,image_from_china(1076).jpg,1216,911
41,image_from_china(1426).jpg,1617,912
42,image_from_china(561).jpg,1216,911
43,image_from_china(3270).jpg,912,1216
44,image_from_china(424).jpg,911,1216
45,image_from_china(1534).jpg,1617,912
46,image_from_china(218).jpg,1216,911
47,image_from_china(1888).jpg,1216,912
48,image_from_china(2380).jpg,911,1216
49,image_from_china(1955).jpg,1216,912
50,image_from_china(1056).jpg,911,1216
51,image_from_china(795).jpg,1216,911
52,image_from_china(3084).jpg,911,1216
53,image_from_china(1810).jpg,911,1216
54,image_from_china(1390).jpg,911,1216
55,image_from_china(900).jpg,1216,911
56,image_from_china(845).jpg,1216,911
57,image_from_china(1685).jpg,911,1216
58,image_from_china(4487).jpg,1221,912
59,image_from_china(392).jpg,1216,911
60,image_from_china(238).jpg,911,1216
61,image_from_china(4203).jpg,912,1221
62,image_from_china(1847).jpg,1216,912
63,image_from_china(1514).jpg,911,1216
64,image_from_china(1797).jpg,1216,912
65,image_from_china(2857).jpg,1216,912
66,image_from_china(1778).jpg,1216,912
67,image_from_china(2154).jpg,1216,912
68,image_from_china(1017).jpg,1216,911
69,image_from_china(1851).jpg,1216,912
70,image_from_china(557).jpg,911,1216
71,image_from_china(629).jpg,911,1216
72,image_from_china(279).jpg,1216,911
73,image_from_china(2683).jpg,1216,912
74,image_from_china(2379).jpg,1216,912
75,image_from_china(3092).jpg,911,1216
76,image_from_china(4307).jpg,1221,912
77,image_from_china(4184).jpg,1221,912
78,image_from_china(4491).jpg,912,1221
79,image_from_china(2816).jpg,1216,912
80,image_from_china(2302).jpg,1216,911
81,image_from_china(652).jpg,1216,911
82,image_from_china(4239).jpg,1221,912
83,image_from_china(1892).jpg,1216,912
84,image_from_china(3285).jpg,912,1216
85,image_from_china(2181).jpg,1216,912
86,image_from_china(2705).jpg,1216,912
87,image_from_china(1980).jpg,911,1216
88,image_from_china(4252)(1).jpg,1221,912
89,image_from_china(486).jpg,911,1216
90,image_from_china(1200).jpg,911,1216
91,image_from_china(4297).jpg,912,1221
92,image_from_china(613).jpg,911,1216
93,image_from_china(1580).jpg,911,1216
94,image_from_china(243).jpg,911,1216
95,image_from_china(869).jpg,911,1216
96,image_from_china(4444).jpg,1221,912
97,image_from_china(1168).jpg,911,1216
98,image_from_china(701).jpg,1216,911
99,image_from_china(2482).jpg,1216,912
100,image_from_china(994).jpg,1216,911
101,image_from_china(428).jpg,1216,911
102,image_from_china(429).jpg,1216,911
103,image_from_china(4412).jpg,1216,912
104,image_from_china(1169).jpg,911,1216
105,image_from_china(2745).jpg,1216,912
106,image_from_china(3011).jpg,911,1216
107,image_from_china(4384).jpg,1221,912
108,image_from_china(1352).jpg,911,1216
109,image_from_china(4500).jpg,1221,912
110,image_from_china(868).jpg,911,1216
111,image_from_china(242).jpg,480,640
112,image_from_china(1581).jpg,911,1216
113,image_from_china(487).jpg,911,1216
114,image_from_china(4453).jpg,1216,911
115,image_from_china(1201).jpg,1216,911
116,image_from_china(4280).jpg,1221,912
117,image_from_china(2211).jpg,911,1216
118,image_from_china(254).jpg,911,1216
119,image_from_china(3050).jpg,911,1216
120,image_from_china(4111).jpg,912,1216
121,image_from_china(3284).jpg,912,1216
122,image_from_china(2495).jpg,1216,912
123,image_from_china(4404).jpg,912,1221
124,image_from_china(2303).jpg,1216,911
125,image_from_china(4238).jpg,912,1221
126,image_from_china(203).jpg,911,1216
127,image_from_china(2051).jpg,911,1216
128,image_from_china(444).jpg,911,1216
129,image_from_china(4490).jpg,1221,912
130,image_from_china(628).jpg,911,1216
131,image_from_china(4306).jpg,912,1221
132,image_from_china(413).jpg,1216,911
133,image_from_china(1295).jpg,911,1216
134,image_from_china(1016).jpg,1216,911
135,image_from_china(4351).jpg,1221,912
136,image_from_china(1850).jpg,1216,912
137,image_from_china(2856).jpg,1216,912
138,image_from_china(393).jpg,1216,911
139,image_from_china(239).jpg,1216,911
140,image_from_china(4469).jpg,912,1221
141,image_from_china(901).jpg,1216,911
142,image_from_china(844).jpg,911,1216
143,image_from_china(794).jpg,1216,911
144,image_from_china(1542).jpg,911,1216
145,image_from_china(2694).jpg,1216,912
146,image_from_china(1923).jpg,911,1216
147,image_from_china(424)(1).jpg,911,1216
148,image_from_china(560).jpg,1216,911
149,image_from_china(833).jpg,1216,911
150,image_from_china(2175).jpg,1216,912
151,image_from_china(976).jpg,911,1216
152,image_from_china(2899).jpg,911,1216
153,image_from_china(3271).jpg,912,1216
154,image_from_china(1098).jpg,1216,911
155,image_from_china(1974).jpg,1216,912
156,image_from_china(3949).jpg,912,1216
157,image_from_china(1427).jpg,912,1617
158,image_from_china(2122).jpg,1216,911
159,image_from_china(864).jpg,911,1216
160,image_from_china(3733).jpg,912,1216
161,image_from_china(1431).jpg,1617,912
162,image_from_china(1718).jpg,911,1216
163,image_from_china(521).jpg,1216,911
164,image_from_china(872).jpg,911,1216
165,image_from_china(2134).jpg,1216,912
166,image_from_china(464).jpg,1216,911
167,image_from_china(1173).jpg,1216,911
168,image_from_china(4371).jpg,912,1221
169,image_from_china(3908).jpg,912,1216
170,image_from_china(1935).jpg,911,1216
171,image_from_china(4234).jpg,720,960
172,image_from_china(576).jpg,911,1216
173,image_from_china(433).jpg,911,1216
174,image_from_china(3267).jpg,912,1216
175,image_from_china(960).jpg,1216,911
176,image_from_china(4189).jpg,912,1221
177,image_from_china(673).jpg,1216,911
178,image_from_china(223).jpg,911,1216
179,image_from_china(4218).jpg,912,1216
180,image_from_china(736).jpg,911,1216
181,image_from_china(4238)(1).jpg,912,1221
182,image_from_china(1299).jpg,911,1216
183,image_from_china(809).jpg,1216,911
184,image_from_china(665).jpg,1216,911
185,image_from_china(1149).jpg,911,1216
186,image_from_china(370).jpg,911,1216
187,image_from_china(720).jpg,911,1216
188,image_from_china(4259).jpg,1221,912
189,image_from_china(2698).jpg,1216,912
190,image_from_china(848).jpg,1216,911
191,image_from_china(793).jpg,1216,911
192,image_from_china(4252).jpg,1221,912
193,image_from_china(1400).jpg,911,1216
194,image_from_china(2739).jpg,1216,912
195,image_from_china(1816).jpg,911,1216
196,image_from_china(2693).jpg,1216,912
197,image_from_china(3128).jpg,912,1216
198,image_from_china(1396).jpg,911,1216
199,image_from_china(1379).jpg,1216,911
200,image_from_china(140).jpg,1221,912
201,image_from_china(4205).jpg,912,1221
202,image_from_china(1007).jpg,911,1216
203,image_from_china(681).jpg,1216,911
204,image_from_china(1791).jpg,1216,912
205,image_from_china(2447).jpg,1216,912
206,image_from_china(2502).jpg,911,1216
207,image_from_china(3186).jpg,912,1216
208,image_from_china(2001).jpg,1216,912
209,image_from_china(947).jpg,911,1216
210,image_from_china(2847).jpg,911,1216
211,image_from_china(551).jpg,911,1216
212,image_from_china(802).jpg,911,1216
213,image_from_china(1416).jpg,1617,912
214,image_from_china(2685).jpg,1216,912
215,image_from_china(3647).jpg,912,1216
216,image_from_china(4182).jpg,1221,912
217,image_from_china(4497).jpg,1221,912
218,image_from_china(1528).jpg,1617,912
219,image_from_china(341).jpg,1216,911
220,image_from_china(654).jpg,1216,911
221,image_from_china(4116).jpg,912,1216
222,image_from_china(3283).jpg,912,1216
223,image_from_china(1251).jpg,1216,911
224,image_from_china(1601).jpg,1617,912
225,image_from_china(2187).jpg,1216,912
226,image_from_china(1986).jpg,911,1216
227,image_from_china(2216).jpg,911,1216
228,image_from_china(1343).jpg,1216,911
229,image_from_china(2095).jpg,1216,912
230,image_from_china(4454).jpg,1216,911
231,image_from_china(1656).jpg,911,1216
232,image_from_china(4004).jpg,912,1216
233,image_from_china(1569).jpg,911,1216
234,image_from_china(300).jpg,1216,911
235,image_from_china(1990).jpg,1216,912
236,image_from_china(245).jpg,1216,911
237,image_from_china(2129).jpg,1024,900
238,image_from_china(4241)(1).jpg,1221,912
239,image_from_china(1882).jpg,1216,912
240,image_from_china(838).jpg,911,1216
241,image_from_china(2938).jpg,911,1216
242,image_from_china(4198).jpg,1221,912
243,image_from_china(1375).jpg,1216,911
244,image_from_china(1725).jpg,911,1216
245,image_from_china(2670).jpg,912,1216
246,image_from_china(2735).jpg,1216,912
247,image_from_china(1322).jpg,1216,911
248,image_from_china(4120).jpg,912,1216
249,image_from_china(4209).jpg,1221,912
250,image_from_china(662).jpg,1216,911
251,image_from_china(674).jpg,1216,911
252,image_from_china(224).jpg,911,1216
253,image_from_china(1733).jpg,911,1216
254,image_from_china(2236).jpg,1216,912
255,image_from_china(336).jpg,1216,911
256,image_from_china(766).jpg,1216,911
257,image_from_china(2021).jpg,1216,912
258,image_from_china(434).jpg,911,1216
259,image_from_china(2308).jpg,1216,912
260,image_from_china(3519).jpg,912,1216
261,image_from_china(1031).jpg,911,1216
262,image_from_china(4458).jpg,1221,912
263,image_from_china(2426).jpg,1216,912
264,image_from_china(1573).jpg,1617,912
265,image_from_china(1123).jpg,911,1216
266,image_from_china(4321).jpg,912,1221
267,image_from_china(1965).jpg,911,1216
268,image_from_china(2826).jpg,1216,912
269,image_from_china(2575).jpg,1216,911
270,image_from_china(863).jpg,1216,911
271,image_from_china(475).jpg,911,1216
272,image_from_china(4337).jpg,1221,912
273,image_from_china(1070).jpg,911,1216
274,image_from_china(1420).jpg,1617,912
275,image_from_china(619).jpg,1216,911
276,image_from_china(1973).jpg,1216,912
277,image_from_china(3276).jpg,1216,912
278,image_from_china(2934).jpg,911,1216
279,image_from_china(1532).jpg,1617,912
280,image_from_china(1533).jpg,1617,912
281,image_from_china(4224).jpg,1216,912
282,image_from_china(835).jpg,911,1216
283,image_from_china(3277).jpg,1216,912
284,image_from_china(4418).jpg,1221,912
285,image_from_china(970).jpg,911,1216
286,image_from_china(1837).jpg,911,1216
287,image_from_china(1134).jpg,1216,911
288,image_from_china(1421).jpg,1617,912
289,image_from_china(2574).jpg,1216,911
290,image_from_china(862).jpg,911,1216
291,image_from_china(1572).jpg,1617,912
292,image_from_china(1088).jpg,911,1216
293,image_from_china(1067).jpg,1216,911
294,image_from_china(2132).jpg,1216,912
295,image_from_china(462).jpg,911,1216
296,image_from_china(2427).jpg,1216,912
297,image_from_china(931).jpg,1216,911
298,image_from_china(2759).jpg,1216,912
299,image_from_china(4377).jpg,1221,912
300,image_from_china(1525).jpg,911,1216
301,image_from_china(4232).jpg,1221,912
302,image_from_china(4398).jpg,912,1221
303,image_from_china(1899).jpg,911,1216
304,image_from_china(1749).jpg,1216,912
305,image_from_china(2535).jpg,1216,912
306,image_from_china(2020).jpg,1216,912
307,image_from_china(2470).jpg,1216,912
308,image_from_china(3076).jpg,911,1216
309,image_from_china(2667).jpg,1216,912
310,image_from_china(337).jpg,911,1216
311,image_from_china(767).jpg,1216,911
312,image_from_china(858).jpg,1216,911
313,image_from_china(675).jpg,911,1216
314,image_from_china(4422).jpg,1221,912
315,image_from_china(2149).jpg,1216,912
316,image_from_china(1765).jpg,911,1216
317,image_from_china(663).jpg,1216,911
318,image_from_china(1909).jpg,911,1216
319,image_from_china(1636).jpg,911,1216
320,image_from_china(1323).jpg,911,1216
321,image_from_china(2671).jpg,1216,912
322,image_from_china(771).jpg,911,1216
323,image_from_china(321).jpg,1216,911
324,image_from_china(4199).jpg,1221,912
325,image_from_china(4463).jpg,912,1221
326,image_from_china(1753).jpg,911,1216
327,image_from_china(3294).jpg,912,1216
328,image_from_china(1303).jpg,911,1216
329,image_from_china(993).jpg,1216,911
330,image_from_china(2939).jpg,911,1216
331,image_from_china(2893).jpg,911,1216
332,image_from_china(3851).jpg,912,1216
333,image_from_china(356).jpg,1216,911
334,image_from_china(497).jpg,911,1216
335,image_from_china(4443).jpg,1221,912
336,image_from_china(18).jpg,912,1221
337,image_from_china(1568).jpg,911,1216
338,image_from_china(751).jpg,911,1216
339,image_from_china(301).jpg,911,1216
340,image_from_china(1991).jpg,1216,912
341,image_from_china(3040).jpg,911,1216
342,image_from_china(1657).jpg,1617,912
343,image_from_china(194).jpg,1216,911
344,image_from_china(4005).jpg,912,1216
345,image_from_china(2702).jpg,1216,912
346,image_from_china(3113).jpg,912,1216
347,image_from_china(747).jpg,911,1216
348,image_from_china(4286).jpg,912,1221
349,image_from_china(2217).jpg,911,1216
350,image_from_china(3282).jpg,912,1216
351,image_from_china(1745).jpg,911,1216
352,image_from_china(1250).jpg,1216,911
353,image_from_china(1600).jpg,1617,912
354,image_from_china(4402).jpg,912,1221
355,image_from_china(59).jpg,1216,912
356,image_from_china(2186).jpg,1216,912
357,image_from_china(1529).jpg,1617,912
358,image_from_china(710).jpg,1216,911
359,image_from_china(340).jpg,911,1216
360,image_from_china(1483).jpg,911,1216
361,image_from_china(655).jpg,1216,911
362,image_from_china(4183).jpg,1221,912
363,image_from_china(4479).jpg,912,1221
364,image_from_china(2057).jpg,911,1216
365,image_from_china(854).jpg,911,1216
366,image_from_china(4232)(1).jpg,1221,912
367,image_from_china(1417).jpg,1617,912
368,image_from_china(4300).jpg,912,1221
369,image_from_china(2684).jpg,1216,912
370,image_from_china(946).jpg,911,1216
371,image_from_china(2846).jpg,911,1216
372,image_from_china(550).jpg,911,1216
373,image_from_china(229).jpg,911,1216
374,image_from_china(3187).jpg,1216,912
375,image_from_china(1155).jpg,1216,911
376,image_from_china(1790).jpg,1216,912
377,image_from_china(403).jpg,1216,911
378,image_from_china(2446).jpg,1216,912
379,image_from_china(1006).jpg,911,1216
380,image_from_china(2807).jpg,1216,912
381,image_from_china(1378).jpg,1216,911
382,image_from_china(1682).jpg,911,1216
383,image_from_china(842).jpg,1216,911
384,image_from_china(792).jpg,1216,911
385,image_from_china(1401).jpg,911,1216
386,image_from_china(4250)(1).jpg,1221,912
387,image_from_china(2692).jpg,1216,912
388,image_from_china(586).jpg,1216,911
389,image_from_china(3278).jpg,1216,912
390,image_from_china(2039).jpg,911,1216
391,image_from_china(2469).jpg,1216,912
392,image_from_china(1750).jpg,1216,912
393,image_from_china(1300).jpg,911,1216
394,image_from_china(1183).jpg,911,1216
395,image_from_china(2310).jpg,911,1216
396,image_from_china(181).jpg,911,1216
397,image_from_china(1992).jpg,1216,912
398,image_from_china(302).jpg,911,1216
399,image_from_china(197).jpg,1216,911
400,image_from_china(9).jpg,1221,912
401,image_from_china(528).jpg,911,1216
402,image_from_china(1341).jpg,911,1216
403,image_from_china(2994).jpg,911,1216
404,image_from_china(1068).jpg,1216,911
405,image_from_china(314).jpg,1216,911
406,image_from_china(744).jpg,1216,911
407,image_from_china(4285).jpg,1221,912
408,image_from_china(2701).jpg,1216,912
409,image_from_china(1984).jpg,1216,912
410,image_from_china(969).jpg,1216,911
411,image_from_china(2185).jpg,1216,912
412,image_from_china(1253).jpg,1216,911
413,image_from_china(1603).jpg,1617,912
414,image_from_china(4114).jpg,912,1216
415,image_from_china(3281).jpg,912,1216
416,image_from_china(2869).jpg,912,1216
417,image_from_china(1746).jpg,1216,912
418,image_from_china(1195).jpg,911,1216
419,image_from_china(656).jpg,1216,911
420,image_from_china(713).jpg,911,1216
421,image_from_china(343).jpg,1216,911
422,image_from_china(857).jpg,1216,911
423,image_from_china(912).jpg,911,1216
424,image_from_china(1382).jpg,1216,911
425,image_from_china(768).jpg,1216,911
426,image_from_china(4303).jpg,480,800
427,image_from_china(338).jpg,1216,911
428,image_from_china(1414).jpg,1617,912
429,image_from_china(2668).jpg,912,1216
430,image_from_china(800).jpg,911,1216
431,image_from_china(2845).jpg,911,1216
432,image_from_china(1785).jpg,911,1216
433,image_from_china(945).jpg,911,1216
434,image_from_china(2453).jpg,1216,912
435,image_from_china(4354).jpg,1221,912
436,image_from_china(1506).jpg,1216,911
437,image_from_china(1013).jpg,1216,911
438,image_from_china(2445).jpg,1216,912
439,image_from_china(1793).jpg,1216,912
440,image_from_china(4342).jpg,1221,912
441,image_from_china(1005).jpg,911,1216
442,image_from_china(2629).jpg,912,1216
443,image_from_china(2107).jpg,911,1216
444,image_from_china(841).jpg,1216,911
445,image_from_china(4483).jpg,912,1221
446,image_from_china(1394).jpg,911,1216
447,image_from_china(457).jpg,911,1216
448,image_from_china(2691).jpg,1216,912
449,image_from_china(2384).jpg,911,1216
450,image_from_china(4250).jpg,1221,912
451,image_from_china(1530).jpg,1617,912
452,image_from_china(40).jpg,912,1216
453,image_from_china(3274).jpg,1216,912
454,image_from_china(420).jpg,911,1216
455,image_from_china(565).jpg,911,1216
456,image_from_china(3761).jpg,912,1216
457,image_from_china(1072).jpg,911,1216
458,image_from_china(1422).jpg,1617,912
459,image_from_china(1567).jpg,911,1216
460,image_from_china(1834).jpg,911,1216
461,image_from_china(477).jpg,911,1216
462,image_from_china(2127).jpg,1216,912
463,image_from_china(3736).jpg,912,1216
464,image_from_china(1064).jpg,1216,911
465,image_from_china(1988).jpg,911,1216
466,image_from_china(1822).jpg,911,1216
467,image_from_china(1571).jpg,1617,912
468,image_from_china(4289).jpg,800,480
469,image_from_china(318).jpg,911,1216
470,image_from_china(898).jpg,911,1216
471,image_from_china(2074).jpg,1216,912
472,image_from_china(1658).jpg,1617,912
473,image_from_china(461).jpg,911,1216
474,image_from_china(524).jpg,911,1216
475,image_from_china(1199).jpg,911,1216
476,image_from_china(4374).jpg,1216,912
477,image_from_china(436).jpg,1216,911
478,image_from_china(2189).jpg,911,1216
479,image_from_china(1048).jpg,1216,911
480,image_from_china(1418).jpg,1617,912
481,image_from_china(2058).jpg,911,1216
482,image_from_china(699).jpg,911,1216
483,image_from_china(226).jpg,1216,911
484,image_from_china(1336).jpg,911,1216
485,image_from_china(4421).jpg,912,1221
486,image_from_china(2625).jpg,911,1216
487,image_from_china(2019).jpg,1216,912
488,image_from_china(1818).jpg,1216,911
489,image_from_china(288).jpg,1216,911
490,image_from_china(4319).jpg,912,1221
491,image_from_china(267).jpg,911,1216
492,image_from_china(2388).jpg,911,1216
493,image_from_china(2672).jpg,1216,912
494,image_from_china(1377).jpg,1216,911
495,image_from_china(2808).jpg,1216,912
496,image_from_china(1726).jpg,911,1216
497,image_from_china(4461).jpg,800,480
498,image_from_china(1399).jpg,911,1216
499,image_from_china(2366).jpg,1216,912
500,image_from_china(289).jpg,1216,911
501,image_from_china(3127).jpg,912,1216
502,image_from_china(266).jpg,911,1216
503,image_from_china(2389).jpg,911,1216
504,image_from_china(1321).jpg,1216,911
505,image_from_china(2018).jpg,911,1216
506,image_from_china(2331).jpg,1216,911
507,image_from_china(1337).jpg,911,1216
508,image_from_china(4420).jpg,1221,912
509,image_from_china(362).jpg,1216,911
510,image_from_china(677).jpg,1216,911
511,image_from_china(4498).jpg,1221,912
512,image_from_china(3648).jpg,912,1216
513,image_from_china(2720).jpg,1216,912
514,image_from_china(2665).jpg,1216,912
515,image_from_china(2235).jpg,911,1216
516,image_from_china(270).jpg,911,1216
517,image_from_china(1419).jpg,1617,912
518,image_from_china(620).jpg,911,1216
519,image_from_china(4375).jpg,912,1221
520,image_from_china(1527).jpg,1617,912
521,image_from_china(899).jpg,911,1216
522,image_from_china(4).jpg,912,1221
523,image_from_china(2075).jpg,1216,912
524,image_from_china(1659).jpg,1617,912
525,image_from_china(1065).jpg,911,1216
526,image_from_china(1966).jpg,911,1216
527,image_from_china(1823).jpg,911,1216
528,image_from_china(1570).jpg,1617,912
529,image_from_china(476).jpg,911,1216
530,image_from_china(3222).jpg,912,1216
531,image_from_china(2825).jpg,1216,912
532,image_from_china(533).jpg,911,1216
533,image_from_china(1970).jpg,1216,912
534,image_from_china(4334).jpg,1221,912
535,image_from_china(1835).jpg,911,1216
536,image_from_china(2034).jpg,1216,912
537,image_from_china(3275).jpg,1216,912
538,image_from_china(1618).jpg,1216,911
539,image_from_china(564).jpg,1216,911
540,image_from_china(1531).jpg,1617,912
541,image_from_china(1161).jpg,911,1216
542,image_from_china(4363).jpg,1216,912
543,image_from_china(4314).jpg,1221,912
544,image_from_china(3982).jpg,912,1216
545,image_from_china(2690).jpg,1216,912
546,image_from_china(2385).jpg,911,1216
547,image_from_china(1403).jpg,911,1216
548,image_from_china(840).jpg,1216,911
549,image_from_china(4482).jpg,1221,912
550,image_from_china(1680).jpg,911,1216
551,image_from_china(456).jpg,911,1216
552,image_from_china(1395).jpg,911,1216
553,image_from_china(4197).jpg,1221,912
554,image_from_china(397).jpg,911,1216
555,image_from_china(2501).jpg,911,1216
556,image_from_china(2444).jpg,1216,912
557,image_from_china(1012).jpg,1216,911
558,image_from_china(4210).jpg,912,1221
559,image_from_china(3185).jpg,912,1216
560,image_from_china(2844).jpg,911,1216
561,image_from_china(417).jpg,1216,911
562,image_from_china(1784).jpg,911,1216
563,image_from_china(944).jpg,911,1216
564,image_from_china(2686).jpg,1216,912
565,image_from_china(293).jpg,911,1216
566,image_from_china(769).jpg,1216,911
567,image_from_china(1415).jpg,1617,912
568,image_from_china(2669).jpg,912,1216
569,image_from_china(4494).jpg,912,1221
570,image_from_china(505).jpg,911,1216
571,image_from_china(913).jpg,911,1216
572,image_from_china(4181).jpg,906,677
573,image_from_china(1383).jpg,911,1216
574,image_from_china(2757).jpg,1216,912
575,image_from_china(342).jpg,1216,911
576,image_from_china(591).jpg,911,1216
577,image_from_china(4400).jpg,1221,912
578,image_from_china(4115).jpg,912,1216
579,image_from_china(3280).jpg,912,1216
580,image_from_china(2868).jpg,1216,912
581,image_from_china(1747).jpg,1216,912
582,image_from_china(2215).jpg,911,1216
583,image_from_china(315).jpg,1216,911
584,image_from_china(745).jpg,1216,911
585,image_from_china(2096).jpg,1216,912
586,image_from_china(1340).jpg,911,1216
587,image_from_china(246).jpg,1216,911
588,image_from_china(1993).jpg,1216,912
589,image_from_china(1839).jpg,911,1216
590,image_from_china(1881).jpg,1216,912
591,image_from_china(3015).jpg,911,1216
592,image_from_china(354).jpg,911,1216
593,image_from_china(2741).jpg,1216,912
594,image_from_china(4046).jpg,912,1216
595,image_from_china(3783).jpg,912,1216
596,image_from_china(587).jpg,1216,911
597,image_from_china(3279).jpg,1216,912
598,image_from_china(2468).jpg,1216,912
599,image_from_china(1751).jpg,1216,912
600,image_from_china(1189).jpg,911,1216
601,image_from_china(1023).jpg,1216,911
602,image_from_china(4221).jpg,1221,912
603,image_from_china(1536).jpg,1617,912
604,image_from_china(3272).jpg,1216,912
605,image_from_china(426).jpg,911,1216
606,image_from_china(2033).jpg,1216,912
607,image_from_china(2176).jpg,1216,912
608,image_from_china(563).jpg,1216,911
609,image_from_china(1832).jpg,1216,912
610,image_from_china(308).jpg,911,1216
611,image_from_china(4299).jpg,911,1216
612,image_from_china(4260).jpg,1221,912
613,image_from_china(1127).jpg,1216,911
614,image_from_china(1824).jpg,911,1216
615,image_from_china(467).jpg,911,1216
616,image_from_china(871).jpg,911,1216
617,image_from_china(2137).jpg,1216,912
618,image_from_china(2834).jpg,1216,912
619,image_from_china(522).jpg,1216,911
620,image_from_china(4372).jpg,1216,911
621,image_from_china(575).jpg,911,1216
622,image_from_china(2377).jpg,1216,912
623,image_from_china(918).jpg,911,1216
624,image_from_china(1672).jpg,911,1216
625,image_from_china(2320).jpg,911,1216
626,image_from_china(670).jpg,911,1216
627,image_from_china(1330).jpg,911,1216
628,image_from_china(4427).jpg,1221,912
629,image_from_china(1849).jpg,1216,912
630,image_from_china(689).jpg,1216,911
631,image_from_china(4348).jpg,1221,912
632,image_from_china(236).jpg,911,1216
633,image_from_china(959).jpg,1216,911
634,image_from_china(324).jpg,911,1216
635,image_from_china(2224).jpg,1216,912
636,image_from_china(3966).jpg,912,1216
637,image_from_china(631).jpg,1216,911
638,image_from_china(261).jpg,1216,911
639,image_from_china(4466).jpg,912,1221
640,image_from_china(4411).jpg,1221,912
641,image_from_china(2480).jpg,1216,912
642,image_from_china(216).jpg,1216,911
643,image_from_china(1185).jpg,911,1216
644,image_from_china(4387).jpg,1221,912
645,image_from_china(4368).jpg,912,1221
646,image_from_china(1490).jpg,1617,912
647,image_from_china(703).jpg,1216,911
648,image_from_china(2068).jpg,1216,911
649,image_from_china(884).jpg,911,1216
650,image_from_china(1428).jpg,1617,912
651,image_from_china(1097).jpg,911,1216
652,image_from_china(754).jpg,911,1216
653,image_from_china(2341).jpg,1216,911
654,image_from_china(892).jpg,911,1216
655,image_from_china(191).jpg,1216,911
656,image_from_china(1202).jpg,1216,911
657,image_from_china(1717).jpg,911,1216
658,image_from_china(484).jpg,911,1216
659,image_from_china(1982).jpg,911,1216
660,image_from_china(4329).jpg,1221,912
661,image_from_china(1081).jpg,911,1216
662,image_from_china(3268).jpg,912,1216
663,image_from_china(4407).jpg,1221,912
664,image_from_china(4234)(1).jpg,720,960
665,image_from_china(4112).jpg,912,1216
666,image_from_china(4224)(1).jpg,1216,912
667,image_from_china(3287).jpg,912,1216
668,image_from_china(579).jpg,1216,911
669,image_from_china(4391).jpg,480,800
670,image_from_china(200).jpg,1216,911
671,image_from_china(715).jpg,1216,911
672,image_from_china(4186).jpg,912,1216
673,image_from_china(3993).jpg,912,1216
674,image_from_china(1941).jpg,911,1216
675,image_from_china(1296).jpg,911,1216
676,image_from_china(2843).jpg,911,1216
677,image_from_china(3301).jpg,912,1216
678,image_from_china(943).jpg,911,1216
679,image_from_china(693).jpg,1216,911
680,image_from_china(1015).jpg,1216,911
681,image_from_china(2639).jpg,1216,912
682,image_from_china(810).jpg,1216,911
683,image_from_china(1900).jpg,911,1216
684,image_from_china(4485).jpg,912,1221
685,image_from_china(4190).jpg,1221,912
686,image_from_china(1392).jpg,1216,911
687,image_from_china(328).jpg,911,1216
688,image_from_china(1541).jpg,911,1216
689,image_from_china(778).jpg,1216,911
690,image_from_china(1404).jpg,911,1216
691,image_from_china(2382).jpg,911,1216
692,image_from_china(2678).jpg,1216,912
693,image_from_china(329).jpg,911,1216
694,image_from_china(4312).jpg,1221,912
695,image_from_china(3087).jpg,911,1216
696,image_from_china(779).jpg,1216,911
697,image_from_china(1405).jpg,911,1216
698,image_from_china(2383).jpg,911,1216
699,image_from_china(846).jpg,1216,911
700,image_from_china(2415).jpg,911,1216
701,image_from_china(3654).jpg,912,1216
702,image_from_china(391).jpg,1216,911
703,image_from_china(811).jpg,1216,911
704,image_from_china(1852).jpg,1216,912
705,image_from_china(1151).jpg,1216,911
706,image_from_china(4235)(1).jpg,912,1221
707,image_from_china(3496).jpg,912,1216
708,image_from_china(4216).jpg,1221,912
709,image_from_china(1014).jpg,1216,911
710,image_from_china(554).jpg,911,1216
711,image_from_china(942).jpg,911,1216
712,image_from_china(295).jpg,911,1216
713,image_from_china(1413).jpg,911,1216
714,image_from_china(4241).jpg,1221,912
715,image_from_china(4492).jpg,912,1221
716,image_from_china(3906).jpg,912,1216
717,image_from_china(1192).jpg,911,1216
718,image_from_china(714).jpg,911,1216
719,image_from_china(344).jpg,1216,911
720,image_from_china(2301).jpg,911,1216
721,image_from_china(3269).jpg,912,1216
722,image_from_china(2182).jpg,1216,912
723,image_from_china(4113).jpg,912,1216
724,image_from_china(3286).jpg,912,1216
725,image_from_china(578).jpg,1216,911
726,image_from_china(1595).jpg,911,1216
727,image_from_china(2213).jpg,1216,912
728,image_from_china(1983).jpg,1216,911
729,image_from_china(313).jpg,911,1216
730,image_from_china(4328).jpg,1221,912
731,image_from_china(4282).jpg,1221,912
732,image_from_china(743).jpg,1216,911
733,image_from_china(893).jpg,911,1216
734,image_from_china(1716).jpg,911,1216
735,image_from_china(485).jpg,911,1216
736,image_from_china(1429).jpg,1617,912
737,image_from_china(1583).jpg,911,1216
738,image_from_china(240).jpg,911,1216
739,image_from_china(755).jpg,911,1216
740,image_from_china(305).jpg,911,1216
741,image_from_china(885).jpg,911,1216
742,image_from_china(352).jpg,911,1216
743,image_from_china(2194).jpg,911,1216
744,image_from_china(3290).jpg,912,1216
745,image_from_china(2481).jpg,1216,912
746,image_from_china(4488).jpg,1221,912
747,image_from_china(519).jpg,1216,911
748,image_from_china(4037).jpg,912,1216
749,image_from_china(775).jpg,911,1216
750,image_from_china(2360).jpg,1216,912
751,image_from_china(2675).jpg,1216,912
752,image_from_china(2858).jpg,1216,912
753,image_from_china(688).jpg,1216,911
754,image_from_china(671).jpg,911,1216
755,image_from_china(221).jpg,911,1216
756,image_from_china(1389).jpg,911,1216
757,image_from_china(2726).jpg,1216,912
758,image_from_china(2376).jpg,1216,912
759,image_from_china(626).jpg,1216,911
760,image_from_china(2399).jpg,1216,911
761,image_from_china(431).jpg,1216,911
762,image_from_china(2862).jpg,1216,912
763,image_from_china(2248).jpg,1216,912
764,image_from_china(4373).jpg,911,1216
765,image_from_china(1521).jpg,911,1216
766,image_from_china(935).jpg,911,1216
767,image_from_china(2).jpg,1221,912
768,image_from_china(2566).jpg,1216,912
769,image_from_china(870).jpg,911,1216
770,image_from_china(1063).jpg,1216,911
771,image_from_china(1126).jpg,911,1216
772,image_from_china(10).jpg,800,480
773,image_from_china(1649).jpg,1216,911
774,image_from_china(2823).jpg,1216,912
775,image_from_china(3361).jpg,912,1216
776,image_from_china(866).jpg,911,1216
777,image_from_china(1999).jpg,911,1216
778,image_from_china(309).jpg,1216,911
779,image_from_china(3273).jpg,1216,912
780,image_from_china(2462).jpg,1216,912
781,image_from_china(831).jpg,1216,911
782,image_from_china(2177).jpg,1216,912
783,image_from_china(1167).jpg,911,1216
